{"identifier":"5e8f79ebc7935b0018b63574","visibility":true,"category":null,"runnable":true,"forkeable":true,"services":[{"type":"REST","scope":"BOTH","name":"end","uri":"https://corona.lmao.ninja/v2/historical?lastdays=30","model":"Country","bodyParams":"","params":[],"eqMap":{"timeline":"timeline","country":"country"},"custom":{"headers":[],"method":"GET"},"listPath":"","returnType":"LIST","$$hashKey":"object:2977"}],"constants":[],"type":"APP","description":"","documentation":"# Project Title\n\nOne Paragraph of project description goes here\n\n## Getting Started\n\nThese instructions will get you knowing the first steps to use or import this application.\n\n### Prerequisites\n\nWhat things you need to install the software and how to install them. Also, how to import the library.\n\n```\nGive examples\n```\n\n### Installing\n\nA step by step series of examples/instructions that tell you how to use the application.\n\n```\nGive the example\n```\n\nEnd with an example of getting some data out of the system or using it for a little demo\n\n### Using the project\n\nProvide documentation on how your application works, tutorials, error codes...\n\nIf your project is importable, you can add code snippets on how to use your endpoints, models, experiences and rules you have defined.\n\n## Contributing\n\nIf you are looking for help with your application, write here how potential candidates can contact you.\n\n## Authors\n\n* **John Smith** - *Initial work* - @john\n\n## License\n\nThis project is licensed under the MIT License. (You can also add a link to the license)\n\n## Acknowledgments\n\n* Hat tip to anyone who`s code was used\n* Inspiration\n* etc","devices":[],"channels":[],"navigationBarStyle":{"textColor":"#FFFFFF","tintColor":"#FFFFFF","backgroundColor":"#475DC9FF","fontSize":18},"selectedThemeId":"59e10fabe7b3ff4db5a2469b","tags":[],"standaloneAppProperties":{"appName":{"platform":"ALL","value":"Argentina COVID-19 Chart"},"packageName":{"platform":"ALL","value":"com.agustinad.argentinacovid19chart"},"unhandledException":{"platform":"ALL","value":0},"andFirebaseApiKey":{"platform":"ANDROID","value":null},"andFirebaseAppId":{"platform":"ANDROID","value":null},"iosFirebaseApiKey":{"platform":"IOS","value":null},"iosFirebaseAppId":{"platform":"IOS","value":null},"iosFirebaseGCMSenderId":{"platform":"IOS","value":null},"firebaseDatabaseUrl":{"platform":"ALL","value":null}},"standalone":false}